{
  "best_parameters": {
    "iterations": 400,
    "depth": 8,
    "learning_rate": 0.01780769004704398,
    "l2_leaf_reg": 4.6744281551879405,
    "border_count": 64
  },
  "evaluation_metrics": {
    "roc_auc": 0.7195002218691402,
    "f1": 0.17203680770553836,
    "precision": 0.22344627594627595,
    "recall": 0.14545454545454542,
    "accuracy": 0.8953984974685613,
    "roc_auc_scores": [
      0.686799501867995,
      0.5844827586206897,
      0.8120689655172414,
      0.5873563218390805,
      0.771264367816092,
      0.7936781609195402,
      0.7804597701149425,
      0.7149425287356322,
      0.6984326018808777,
      0.7655172413793103
    ],
    "f1_scores": [
      0.3,
      0.1111111111111111,
      0.23529411764705882,
      0.08,
      0.25,
      0.3157894736842105,
      0.11764705882352941,
      0.10526315789473684,
      0.1,
      0.10526315789473684
    ],
    "precision_scores": [
      0.3333333333333333,
      0.16666666666666666,
      0.4,
      0.07692307692307693,
      0.25,
      0.42857142857142855,
      0.2,
      0.14285714285714285,
      0.1111111111111111,
      0.125
    ],
    "recall_scores": [
      0.2727272727272727,
      0.08333333333333333,
      0.16666666666666666,
      0.08333333333333333,
      0.25,
      0.25,
      0.08333333333333333,
      0.08333333333333333,
      0.09090909090909091,
      0.09090909090909091
    ],
    "accuracy_scores": [
      0.910828025477707,
      0.8980891719745223,
      0.9171974522292994,
      0.8535031847133758,
      0.8853503184713376,
      0.9171974522292994,
      0.9044585987261147,
      0.89171974522293,
      0.8846153846153846,
      0.8910256410256411
    ]
  }
}