{
  "best_parameters": {
    "iterations": 300,
    "depth": 8,
    "learning_rate": 0.030068600768909996,
    "l2_leaf_reg": 3.0173657241574054,
    "border_count": 32
  },
  "evaluation_metrics": {
    "roc_auc": 0.6940048095503929,
    "f1": 0.12168730650154798,
    "precision": 0.16129120879120878,
    "recall": 0.10227272727272727,
    "accuracy": 0.9075208231259188,
    "roc_auc_scores": [
      0.6021170610211706,
      0.6988505747126437,
      0.732183908045977,
      0.6482758620689655,
      0.6218390804597701,
      0.8494252873563217,
      0.7729885057471264,
      0.5729885057471265,
      0.6777429467084639,
      0.7636363636363637
    ],
    "f1_scores": [
      0.0,
      0.1,
      0.3157894736842105,
      0.0,
      0.0,
      0.3157894736842105,
      0.23529411764705882,
      0.0,
      0.0,
      0.25
    ],
    "precision_scores": [
      0.0,
      0.125,
      0.42857142857142855,
      0.0,
      0.0,
      0.42857142857142855,
      0.4,
      0.0,
      0.0,
      0.23076923076923078
    ],
    "recall_scores": [
      0.0,
      0.08333333333333333,
      0.25,
      0.0,
      0.0,
      0.25,
      0.16666666666666666,
      0.0,
      0.0,
      0.2727272727272727
    ],
    "accuracy_scores": [
      0.8980891719745223,
      0.8853503184713376,
      0.9171974522292994,
      0.910828025477707,
      0.9171974522292994,
      0.9171974522292994,
      0.9171974522292994,
      0.9044585987261147,
      0.9230769230769231,
      0.8846153846153846
    ]
  }
}