{
    "metrics": {
        "roc_auc": {
            "values": [
                0.6049641148325359,
                0.7742585660811977,
                0.6403685574431327,
                0.6659948171609559,
                0.6372012669162108,
                0.8467790487658038,
                1.0,
                1.0,
                1.0,
                0.9918723660445515
            ],
            "mean": 0.8161438737244389
        },
        "f1": {
            "values": [
                0.2727272727272727,
                0.39344262295081966,
                0.3018867924528302,
                0.3333333333333333,
                0.26865671641791045,
                0.5161290322580645,
                0.6197183098591549,
                0.5432098765432098,
                0.5641025641025641,
                0.5432098765432098
            ],
            "mean": 0.43564163971883685
        },
        "precision": {
            "values": [
                0.20454545454545456,
                0.3157894736842105,
                0.26666666666666666,
                0.2903225806451613,
                0.20454545454545456,
                0.4,
                0.4489795918367347,
                0.3728813559322034,
                0.39285714285714285,
                0.3728813559322034
            ],
            "mean": 0.32694690766452317
        },
        "recall": {
            "values": [
                0.4090909090909091,
                0.5217391304347826,
                0.34782608695652173,
                0.391304347826087,
                0.391304347826087,
                0.7272727272727273,
                1.0,
                1.0,
                1.0,
                1.0
            ],
            "mean": 0.6788537549407115
        },
        "accuracy": {
            "values": [
                0.7241379310344828,
                0.7873563218390804,
                0.7873563218390804,
                0.7931034482758621,
                0.7183908045977011,
                0.8265895953757225,
                0.8439306358381503,
                0.7861271676300579,
                0.8034682080924855,
                0.7861271676300579
            ],
            "mean": 0.785658760215268
        }
    },
    "hyperparameters": {
        "grid": 3,
        "k": 4,
        "lr": 0.13996655578143377,
        "steps": 47,
        "weight_major": 0.31820713637240927,
        "weight_minor": 1.7234966302976558
    },
    "best_hyperparameters": {
        "grid": 1,
        "k": 1,
        "lr": 0.3184545618887773,
        "steps": 8,
        "weight_major": 0.09244885232136757,
        "weight_minor": 1.8968504545776925
    }
}