{
    "metrics": {
        "roc_auc": {
            "values": [
                0.6830143540669856,
                0.787791534696228,
                0.6936366253959113,
                0.6968039159228332,
                0.73106824071408,
                0.8440698374473209,
                1.0,
                1.0,
                1.0,
                0.9838952438290186
            ],
            "mean": 0.8420279752072377
        },
        "f1": {
            "values": [
                0.26373626373626374,
                0.39080459770114945,
                0.3181818181818182,
                0.36363636363636365,
                0.375,
                0.41379310344827586,
                0.4835164835164835,
                0.44,
                0.4731182795698925,
                0.4943820224719101
            ],
            "mean": 0.4016168932262157
        },
        "precision": {
            "values": [
                0.17391304347826086,
                0.265625,
                0.2153846153846154,
                0.25925925925925924,
                0.2631578947368421,
                0.27692307692307694,
                0.3188405797101449,
                0.28205128205128205,
                0.30985915492957744,
                0.3283582089552239
            ],
            "mean": 0.2693372115428283
        },
        "recall": {
            "values": [
                0.5454545454545454,
                0.7391304347826086,
                0.6086956521739131,
                0.6086956521739131,
                0.6521739130434783,
                0.8181818181818182,
                1.0,
                1.0,
                1.0,
                1.0
            ],
            "mean": 0.7972332015810277
        },
        "accuracy": {
            "values": [
                0.6149425287356322,
                0.6954022988505747,
                0.6551724137931034,
                0.7183908045977011,
                0.7126436781609196,
                0.7052023121387283,
                0.7283236994219653,
                0.6763005780346821,
                0.7167630057803468,
                0.7398843930635838
            ],
            "mean": 0.6963025712577238
        }
    },
    "hyperparameters": {
        "grid": 4,
        "k": 3,
        "lr": 0.08967751551324415,
        "steps": 47,
        "weight_major": 0.5862278794974893,
        "weight_minor": 1.8523196522368515
    }
}