{
  "best_parameters": {
    "hidden_size": 32,
    "num_layers": 4,
    "dropout_rate": 0.45782018565279947,
    "learning_rate": 0.00046635594172244807,
    "batch_size": 64,
    "epochs": 30
  },
  "evaluation_metrics": {
    "roc_auc": 0.7047644761419596,
    "f1": 0.27309628400443153,
    "precision": 0.2188644535769503,
    "recall": 0.3814102564102564,
    "accuracy": 0.8385717492144247,
    "roc_auc_scores": [
      0.5440652063168621,
      0.8018339276617422,
      0.5410086602139583,
      0.5970453387671931,
      0.7845134997452878,
      0.6837748344370861,
      0.9216335540838853,
      0.7742825607064017,
      0.6784615384615384,
      0.721025641025641
    ],
    "f1_scores": [
      0.09523809523809523,
      0.42424242424242425,
      0.15,
      0.06666666666666667,
      0.3333333333333333,
      0.2631578947368421,
      0.5714285714285714,
      0.34782608695652173,
      0.2,
      0.27906976744186046
    ],
    "precision_scores": [
      0.06896551724137931,
      0.35,
      0.1111111111111111,
      0.058823529411764705,
      0.2608695652173913,
      0.19230769230769232,
      0.43478260869565216,
      0.36363636363636365,
      0.14814814814814814,
      0.2
    ],
    "recall_scores": [
      0.15384615384615385,
      0.5384615384615384,
      0.23076923076923078,
      0.07692307692307693,
      0.46153846153846156,
      0.4166666666666667,
      0.8333333333333334,
      0.3333333333333333,
      0.3076923076923077,
      0.46153846153846156
    ],
    "accuracy_scores": [
      0.7682926829268293,
      0.8841463414634146,
      0.7926829268292683,
      0.8292682926829268,
      0.8536585365853658,
      0.8282208588957055,
      0.9079754601226994,
      0.9079754601226994,
      0.803680981595092,
      0.8098159509202454
    ]
  }
}