{
  "best_parameters": {
    "hidden_size": 128,
    "num_layers": 1,
    "dropout_rate": 0.24470452062031234,
    "learning_rate": 0.0006331603052587781,
    "batch_size": 128,
    "epochs": 20
  },
  "evaluation_metrics": {
    "roc_auc": 0.8597592445056718,
    "f1": 0.6587095338740715,
    "precision": 0.7010495887762518,
    "recall": 0.6272486772486773,
    "accuracy": 0.9019364760529787,
    "roc_auc_scores": [
      0.8460038986354775,
      0.8491715399610137,
      0.8216374269005847,
      0.9054580896686161,
      0.8755912961210973,
      0.8734363502575423,
      0.8915869511896002,
      0.8435123865587442,
      0.9053225410841305,
      0.7858719646799117
    ],
    "f1_scores": [
      0.6909090909090909,
      0.6086956521739131,
      0.7346938775510204,
      0.7142857142857143,
      0.6923076923076923,
      0.6666666666666666,
      0.6415094339622641,
      0.5833333333333334,
      0.7346938775510204,
      0.52
    ],
    "precision_scores": [
      0.6785714285714286,
      0.7368421052631579,
      0.8181818181818182,
      0.6896551724137931,
      0.75,
      0.6333333333333333,
      0.6538461538461539,
      0.6666666666666666,
      0.8181818181818182,
      0.5652173913043478
    ],
    "recall_scores": [
      0.7037037037037037,
      0.5185185185185185,
      0.6666666666666666,
      0.7407407407407407,
      0.6428571428571429,
      0.7037037037037037,
      0.6296296296296297,
      0.5185185185185185,
      0.6666666666666666,
      0.48148148148148145
    ],
    "accuracy_scores": [
      0.9050279329608939,
      0.8994413407821229,
      0.9273743016759777,
      0.9106145251396648,
      0.9106145251396648,
      0.8932584269662921,
      0.8932584269662921,
      0.8876404494382022,
      0.9269662921348315,
      0.8651685393258427
    ]
  }
}