{"best_parameters": {"hidden_size": 96, "num_layers": 2, "dropout_rate": 0.49368924566674954, "learning_rate": 0.004823648144379721, "batch_size": 64, "epochs": 10}, "evaluation_metrics": {"roc_auc": 0.6313270504330106, "f1": 0.10481501831501831, "precision": 0.11698717948717949, "recall": 0.10256410256410256, "accuracy": 0.8984774801735746, "roc_auc_scores": [0.5063678043810494, 0.7987773815588385, 0.554763117677025, 0.5710646968925115, 0.6780438104941415, 0.4768211920529801, 0.7875275938189846, 0.7450331125827815, 0.5512820512820513, 0.6435897435897436], "f1_scores": [0.0, 0.0, 0.0, 0.09523809523809523, 0.23076923076923078, 0.0, 0.125, 0.24, 0.0, 0.35714285714285715], "precision_scores": [0.0, 0.0, 0.0, 0.125, 0.23076923076923078, 0.0, 0.25, 0.23076923076923078, 0.0, 0.3333333333333333], "recall_scores": [0.0, 0.0, 0.0, 0.07692307692307693, 0.23076923076923078, 0.0, 0.08333333333333333, 0.25, 0.0, 0.38461538461538464], "accuracy_scores": [0.9146341463414634, 0.9085365853658537, 0.8963414634146342, 0.8841463414634146, 0.8780487804878049, 0.9079754601226994, 0.9141104294478528, 0.8834355828220859, 0.9079754601226994, 0.8895705521472392]}}