{
  "best_parameters": {
    "hidden_size": 160,
    "num_layers": 4,
    "dropout_rate": 0.4690413837305166,
    "learning_rate": 0.00016791967604353806,
    "batch_size": 128,
    "epochs": 40
  },
  "evaluation_metrics": {
    "roc_auc": 0.6404931227712684,
    "f1": 0.16785623965416924,
    "precision": 0.15711883541295307,
    "recall": 0.20320512820512823,
    "accuracy": 0.8642525811761186,
    "roc_auc_scores": [
      0.5853285787060623,
      0.7024961793173714,
      0.5557819663779928,
      0.6265919510952623,
      0.5094243504839531,
      0.6098233995584988,
      0.8250551876379691,
      0.7560706401766004,
      0.6523076923076923,
      0.582051282051282
    ],
    "f1_scores": [
      0.10526315789473684,
      0.2727272727272727,
      0.10810810810810811,
      0.21428571428571427,
      0.15789473684210525,
      0.0,
      0.3448275862068966,
      0.0,
      0.25806451612903225,
      0.21739130434782608
    ],
    "precision_scores": [
      0.16666666666666666,
      0.3333333333333333,
      0.08333333333333333,
      0.2,
      0.12,
      0.0,
      0.29411764705882354,
      0.0,
      0.2222222222222222,
      0.15151515151515152
    ],
    "recall_scores": [
      0.07692307692307693,
      0.23076923076923078,
      0.15384615384615385,
      0.23076923076923078,
      0.23076923076923078,
      0.0,
      0.4166666666666667,
      0.0,
      0.3076923076923077,
      0.38461538461538464
    ],
    "accuracy_scores": [
      0.8963414634146342,
      0.9024390243902439,
      0.7987804878048781,
      0.8658536585365854,
      0.8048780487804879,
      0.9263803680981595,
      0.8834355828220859,
      0.9263803680981595,
      0.8588957055214724,
      0.7791411042944786
    ]
  }
}