{
  "best_parameters": {
    "hidden_size": 64,
    "num_layers": 3,
    "dropout_rate": 0.46182894034031563,
    "learning_rate": 0.0013097735641825455,
    "batch_size": 128,
    "epochs": 10
  },
  "evaluation_metrics": {
    "roc_auc": 0.6723430123959925,
    "f1": 0.0,
    "precision": 0.0,
    "recall": 0.0,
    "accuracy": 0.9223290438425856,
    "roc_auc_scores": [
      0.5985736118186449,
      0.7356087620988283,
      0.5955170657157413,
      0.6444218033622007,
      0.6276107997962304,
      0.630242825607064,
      0.8300220750551875,
      0.7593818984547461,
      0.6979487179487179,
      0.6041025641025641
    ],
    "f1_scores": [
      0.0,
      0.0,
      0.0,
      0.0,
      0.0,
      0.0,
      0.0,
      0.0,
      0.0,
      0.0
    ],
    "precision_scores": [
      0.0,
      0.0,
      0.0,
      0.0,
      0.0,
      0.0,
      0.0,
      0.0,
      0.0,
      0.0
    ],
    "recall_scores": [
      0.0,
      0.0,
      0.0,
      0.0,
      0.0,
      0.0,
      0.0,
      0.0,
      0.0,
      0.0
    ],
    "accuracy_scores": [
      0.9207317073170732,
      0.9207317073170732,
      0.9207317073170732,
      0.9207317073170732,
      0.9207317073170732,
      0.9263803680981595,
      0.9263803680981595,
      0.9263803680981595,
      0.9202453987730062,
      0.9202453987730062
    ]
  }
}