{
  "best_parameters": {
    "hidden_size": 256,
    "num_layers": 1,
    "dropout_rate": 0.48294830585363924,
    "learning_rate": 0.0005141724501890821,
    "batch_size": 32,
    "epochs": 10
  },
  "evaluation_metrics": {
    "roc_auc": 0.8556465436955154,
    "f1": 0.6795637431201811,
    "precision": 0.9485819327731093,
    "recall": 0.5313492063492065,
    "accuracy": 0.924348754001632,
    "roc_auc_scores": [
      0.8581871345029239,
      0.8628167641325536,
      0.8416179337231969,
      0.8859649122807017,
      0.8621097445600758,
      0.8670591120922246,
      0.877606082904096,
      0.82168260976208,
      0.9045867059112092,
      0.7748344370860928
    ],
    "f1_scores": [
      0.7727272727272727,
      0.6341463414634146,
      0.7142857142857143,
      0.7441860465116279,
      0.6976744186046512,
      0.6976744186046512,
      0.6153846153846154,
      0.5581395348837209,
      0.7272727272727273,
      0.6341463414634146
    ],
    "precision_scores": [
      1.0,
      0.9285714285714286,
      1.0,
      1.0,
      1.0,
      0.9375,
      1.0,
      0.75,
      0.9411764705882353,
      0.9285714285714286
    ],
    "recall_scores": [
      0.6296296296296297,
      0.48148148148148145,
      0.5555555555555556,
      0.5925925925925926,
      0.5357142857142857,
      0.5555555555555556,
      0.4444444444444444,
      0.4444444444444444,
      0.5925925925925926,
      0.48148148148148145
    ],
    "accuracy_scores": [
      0.9441340782122905,
      0.9162011173184358,
      0.9329608938547486,
      0.9385474860335196,
      0.9273743016759777,
      0.9269662921348315,
      0.9157303370786517,
      0.8932584269662921,
      0.9325842696629213,
      0.9157303370786517
    ]
  }
}