{
  "best_parameters": {
    "hidden_size": 64,
    "num_layers": 1,
    "dropout_rate": 0.42868177609227354,
    "learning_rate": 0.00341620335310094,
    "batch_size": 16,
    "epochs": 20
  },
  "evaluation_metrics": {
    "roc_auc": 0.6489443029376805,
    "f1": 0.18534168334961043,
    "precision": 0.16182644110275687,
    "recall": 0.23012820512820514,
    "accuracy": 0.8428475235672602,
    "roc_auc_scores": [
      0.6637799286805909,
      0.5792154865002547,
      0.653591441670912,
      0.5695364238410596,
      0.45287824758023437,
      0.6258278145695364,
      0.7764900662251656,
      0.7814569536423841,
      0.6687179487179487,
      0.717948717948718
    ],
    "f1_scores": [
      0.21621621621621623,
      0.17391304347826086,
      0.24390243902439024,
      0.07142857142857142,
      0.0,
      0.1875,
      0.25806451612903225,
      0.3333333333333333,
      0.16216216216216217,
      0.20689655172413793
    ],
    "precision_scores": [
      0.16666666666666666,
      0.2,
      0.17857142857142858,
      0.06666666666666667,
      0.0,
      0.15,
      0.21052631578947367,
      0.3333333333333333,
      0.125,
      0.1875
    ],
    "recall_scores": [
      0.3076923076923077,
      0.15384615384615385,
      0.38461538461538464,
      0.07692307692307693,
      0.0,
      0.25,
      0.3333333333333333,
      0.3333333333333333,
      0.23076923076923078,
      0.23076923076923078
    ],
    "accuracy_scores": [
      0.823170731707317,
      0.8841463414634146,
      0.8109756097560976,
      0.8414634146341463,
      0.7987804878048781,
      0.8404907975460123,
      0.8588957055214724,
      0.901840490797546,
      0.8098159509202454,
      0.8588957055214724
    ]
  }
}