{"best_parameters": {"iterations": 100, "depth": 8, "learning_rate": 0.010029460182847137, "l2_leaf_reg": 4.770044128900905, "border_count": 128}, "evaluation_metrics": {"roc_auc": 0.727804550857531, "f1": 0.0, "precision": 0.0, "recall": 0.0, "accuracy": 0.9223290438425856, "roc_auc_scores": [0.6673458991339786, 0.827814569536424, 0.5303107488537953, 0.5944982170147733, 0.7575140091696384, 0.7350993377483444, 0.9277041942604857, 0.8233995584988962, 0.7266666666666667, 0.6876923076923077], "f1_scores": [0.0, 0.0, 0.0, 0.0, 0.0, 0.0, 0.0, 0.0, 0.0, 0.0], "precision_scores": [0.0, 0.0, 0.0, 0.0, 0.0, 0.0, 0.0, 0.0, 0.0, 0.0], "recall_scores": [0.0, 0.0, 0.0, 0.0, 0.0, 0.0, 0.0, 0.0, 0.0, 0.0], "accuracy_scores": [0.9207317073170732, 0.9207317073170732, 0.9207317073170732, 0.9207317073170732, 0.9207317073170732, 0.9263803680981595, 0.9263803680981595, 0.9263803680981595, 0.9202453987730062, 0.9202453987730062]}}