{
    "roc_auc": {
        "scores": [
            0.6154210028382214,
            0.7003311258278145,
            0.6889782403027436,
            0.7346263008514663,
            0.8637653736991485,
            1.0,
            1.0,
            1.0,
            1.0,
            0.9919058130978661
        ],
        "mean": 0.8595027856617261
    },
    "f1": {
        "scores": [
            0.0,
            0.0,
            0.0,
            0.0,
            0.6341463414634146,
            0.9818181818181818,
            1.0,
            1.0,
            1.0,
            0.9642857142857143
        ],
        "mean": 0.5580250237567311
    },
    "precision": {
        "scores": [
            0.0,
            0.0,
            0.0,
            0.0,
            1.0,
            0.9642857142857143,
            1.0,
            1.0,
            1.0,
            0.9310344827586207
        ],
        "mean": 0.5895320197044336
    },
    "recall": {
        "scores": [
            0.0,
            0.0,
            0.0,
            0.0,
            0.4642857142857143,
            1.0,
            1.0,
            1.0,
            1.0,
            1.0
        ],
        "mean": 0.5464285714285715
    },
    "accuracy": {
        "scores": [
            0.8435754189944135,
            0.8435754189944135,
            0.8435754189944135,
            0.8379888268156425,
            0.9162011173184358,
            0.9943820224719101,
            1.0,
            1.0,
            1.0,
            0.9887640449438202
        ],
        "mean": 0.926806226853305
    }
}