{
  "best_parameters": {
    "bootstrap": true,
    "max_depth": null,
    "max_features": "sqrt",
    "min_samples_leaf": 1,
    "min_samples_split": 2,
    "n_estimators": 200
  },
  "evaluation_metrics": {
    "roc_auc": 0.7558457074586107,
    "f1": 0.21428571428571427,
    "precision": 0.24,
    "recall": 0.1935483870967742,
    "accuracy": 0.8924205378973105
  }
}