{
  "test_evaluation_metrics": {
    "roc_auc": 0.7840075098139615,
    "f1": 0.0,
    "precision": 0.0,
    "recall": 0.0,
    "accuracy": 0.9242053789731052
  },
  "best_parameters": {
    "n_estimators": 400,
    "max_depth": 10,
    "min_samples_split": 10,
    "min_samples_leaf": 4,
    "max_features": "sqrt",
    "bootstrap": true
  },
  "evaluation_metrics": {
    "roc_auc": 0.8354986243846929,
    "f1": 0.5813326488638927,
    "precision": 0.9466666666666667,
    "recall": 0.424901185770751,
    "accuracy": 0.9233207095874029,
    "roc_auc_scores": [
      0.7930622009569378,
      0.8699162679425838,
      0.9267344497607656,
      0.84688995215311,
      0.828678376043766,
      0.7980132450331126,
      0.8136664659843468,
      0.8777844671884408,
      0.7661047561709813,
      0.8341360626128839
    ],
    "f1_scores": [
      0.5806451612903226,
      0.5806451612903226,
      0.5806451612903226,
      0.7058823529411765,
      0.6857142857142857,
      0.5161290322580645,
      0.4827586206896552,
      0.6486486486486487,
      0.5161290322580645,
      0.5161290322580645
    ],
    "precision_scores": [
      1.0,
      1.0,
      1.0,
      1.0,
      1.0,
      0.8888888888888888,
      1.0,
      0.8,
      0.8888888888888888,
      0.8888888888888888
    ],
    "recall_scores": [
      0.4090909090909091,
      0.4090909090909091,
      0.4090909090909091,
      0.5454545454545454,
      0.5217391304347826,
      0.36363636363636365,
      0.3181818181818182,
      0.5454545454545454,
      0.36363636363636365,
      0.36363636363636365
    ],
    "accuracy_scores": [
      0.9252873563218391,
      0.9252873563218391,
      0.9252873563218391,
      0.9425287356321839,
      0.9367816091954023,
      0.9132947976878613,
      0.9132947976878613,
      0.9248554913294798,
      0.9132947976878613,
      0.9132947976878613
    ]
  }
}