{
  "best_parameters": {
    "iterations": 200,
    "depth": 6,
    "learning_rate": 0.0200611513188043,
    "l2_leaf_reg": 2.4058407111744513,
    "border_count": 96
  },
  "evaluation_metrics": {
    "roc_auc": 0.7254392935982341,
    "f1": 0.0,
    "precision": 0.0,
    "recall": 0.0,
    "accuracy": 0.9223290438425856,
    "roc_auc_scores": [
      0.6495160468670402,
      0.7641365257259297,
      0.4839531329597555,
      0.5659704533876719,
      0.8074375955170657,
      0.8090507726269316,
      0.9111479028697572,
      0.7985651214128036,
      0.7015384615384616,
      0.763076923076923
    ],
    "f1_scores": [
      0.0,
      0.0,
      0.0,
      0.0,
      0.0,
      0.0,
      0.0,
      0.0,
      0.0,
      0.0
    ],
    "precision_scores": [
      0.0,
      0.0,
      0.0,
      0.0,
      0.0,
      0.0,
      0.0,
      0.0,
      0.0,
      0.0
    ],
    "recall_scores": [
      0.0,
      0.0,
      0.0,
      0.0,
      0.0,
      0.0,
      0.0,
      0.0,
      0.0,
      0.0
    ],
    "accuracy_scores": [
      0.9207317073170732,
      0.9207317073170732,
      0.9207317073170732,
      0.9207317073170732,
      0.9207317073170732,
      0.9263803680981595,
      0.9263803680981595,
      0.9263803680981595,
      0.9202453987730062,
      0.9202453987730062
    ]
  }
}