{
    "roc_auc": {
        "scores": [
            0.9174550614947966,
            0.7890255439924314,
            0.8448438978240302,
            0.8280510879848629,
            0.880085146641438,
            0.8861908265881775,
            0.8680402256561197,
            0.8148148148148148,
            0.7819475104243316,
            0.8268334559725289
        ],
        "mean": 0.8437287571393531
    },
    "f1": {
        "scores": [
            0.68,
            0.5531914893617021,
            0.7391304347826086,
            0.8163265306122449,
            0.6521739130434783,
            0.6521739130434783,
            0.7111111111111111,
            0.6,
            0.6666666666666666,
            0.6382978723404256
        ],
        "mean": 0.6709071930961715
    },
    "precision": {
        "scores": [
            0.7727272727272727,
            0.6842105263157895,
            0.9444444444444444,
            0.9523809523809523,
            0.8333333333333334,
            0.7894736842105263,
            0.8888888888888888,
            0.6521739130434783,
            0.8333333333333334,
            0.75
        ],
        "mean": 0.8100966348678018
    },
    "recall": {
        "scores": [
            0.6071428571428571,
            0.4642857142857143,
            0.6071428571428571,
            0.7142857142857143,
            0.5357142857142857,
            0.5555555555555556,
            0.5925925925925926,
            0.5555555555555556,
            0.5555555555555556,
            0.5555555555555556
        ],
        "mean": 0.5743386243386244
    },
    "accuracy": {
        "scores": [
            0.9106145251396648,
            0.88268156424581,
            0.9329608938547486,
            0.9497206703910615,
            0.9106145251396648,
            0.9101123595505618,
            0.9269662921348315,
            0.8876404494382022,
            0.9157303370786517,
            0.9044943820224719
        ],
        "mean": 0.9131535998995668
    }
}