{
  "best_parameters": {
    "n_estimators": 200,
    "max_depth": null,
    "min_samples_split": 2,
    "min_samples_leaf": 1,
    "max_features": "sqrt",
    "bootstrap": true
  },
  "evaluation_metrics": {
    "roc_auc": 0.7090780268296826,
    "f1": 0.24317298166031692,
    "precision": 0.24497710622710622,
    "recall": 0.24615384615384617,
    "accuracy": 0.881999102199611
  },
  "roc_auc_scores": [
    0.6530820173204279,
    0.7804381049414162,
    0.5323484462557311,
    0.6362710137544576,
    0.7643912379011718,
    0.7201986754966887,
    0.8951434878587197,
    0.7889072847682119,
    0.6428205128205128,
    0.6771794871794872
  ],
  "f1_scores": [
    0.15384615384615385,
    0.2962962962962963,
    0.08695652173913043,
    0.07407407407407407,
    0.2222222222222222,
    0.2962962962962963,
    0.5,
    0.21052631578947367,
    0.20689655172413793,
    0.38461538461538464
  ],
  "precision_scores": [
    0.15384615384615385,
    0.2857142857142857,
    0.1,
    0.07142857142857142,
    0.21428571428571427,
    0.26666666666666666,
    0.5,
    0.2857142857142857,
    0.1875,
    0.38461538461538464
  ],
  "recall_scores": [
    0.15384615384615385,
    0.3076923076923077,
    0.07692307692307693,
    0.07692307692307693,
    0.23076923076923078,
    0.3333333333333333,
    0.5,
    0.16666666666666666,
    0.23076923076923078,
    0.38461538461538464
  ],
  "accuracy_scores": [
    0.8658536585365854,
    0.8841463414634146,
    0.8719512195121951,
    0.8475609756097561,
    0.8719512195121951,
    0.8834355828220859,
    0.9263803680981595,
    0.9079754601226994,
    0.8588957055214724,
    0.901840490797546
  ]
}