{
    "roc_auc": {
        "scores": [
            0.6092715231788081,
            0.7249108507386652,
            0.7040244523688233,
            0.7050433010697912,
            0.6627610799796231,
            0.5678807947019867,
            0.7897350993377483,
            0.8084988962472406,
            0.5764102564102564,
            0.7251282051282052
        ],
        "mean": 0.6873664459161148
    },
    "f1": {
        "scores": [
            0.0,
            0.0,
            0.0,
            0.0,
            0.0,
            0.0,
            0.0,
            0.0,
            0.0,
            0.0
        ],
        "mean": 0.0
    },
    "precision": {
        "scores": [
            0.0,
            0.0,
            0.0,
            0.0,
            0.0,
            0.0,
            0.0,
            0.0,
            0.0,
            0.0
        ],
        "mean": 0.0
    },
    "recall": {
        "scores": [
            0.0,
            0.0,
            0.0,
            0.0,
            0.0,
            0.0,
            0.0,
            0.0,
            0.0,
            0.0
        ],
        "mean": 0.0
    },
    "accuracy": {
        "scores": [
            0.9207317073170732,
            0.9207317073170732,
            0.9207317073170732,
            0.9146341463414634,
            0.9207317073170732,
            0.9202453987730062,
            0.9263803680981595,
            0.9263803680981595,
            0.9202453987730062,
            0.9202453987730062
        ],
        "mean": 0.9211057908125092
    }
}