{
  "best_parameters": {
    "n_estimators": 200,
    "max_depth": 20,
    "min_samples_split": 2,
    "min_samples_leaf": 1,
    "max_features": "sqrt",
    "bootstrap": true
  },
  "evaluation_metrics": {
    "roc_auc": 0.6413393615214807,
    "f1": 0.13986374736374735,
    "precision": 0.19583333333333336,
    "recall": 0.13653846153846155,
    "accuracy": 0.887479425407751
  }
}