{
  "test_evaluation_metrics": {
    "roc_auc": 0.7794845536781021,
    "f1": 0.3010752688172043,
    "precision": 0.22580645161290322,
    "recall": 0.45161290322580644,
    "accuracy": 0.8410757946210269
  },
  "best_parameters": {
    "hidden_size": 32,
    "num_layers": 4,
    "dropout_rate": 0.45782018565279947,
    "learning_rate": 0.00046635594172244807,
    "batch_size": 64,
    "epochs": 30
  }
}