{
  "best_parameters": {
    "iterations": 300,
    "depth": 4,
    "learning_rate": 0.030926419372659355,
    "l2_leaf_reg": 4.225845743672606,
    "border_count": 64
  },
  "evaluation_metrics": {
    "roc_auc": 0.7102326047437054,
    "f1": 0.013333333333333332,
    "precision": 0.03333333333333333,
    "recall": 0.008333333333333333,
    "accuracy": 0.9234770537318306,
    "roc_auc_scores": [
      0.6930261519302615,
      0.6804597701149426,
      0.6310344827586207,
      0.6902298850574713,
      0.6873563218390805,
      0.8149425287356322,
      0.7459770114942529,
      0.6408045977011494,
      0.7642633228840126,
      0.7542319749216301
    ],
    "f1_scores": [
      0.0,
      0.0,
      0.13333333333333333,
      0.0,
      0.0,
      0.0,
      0.0,
      0.0,
      0.0,
      0.0
    ],
    "precision_scores": [
      0.0,
      0.0,
      0.3333333333333333,
      0.0,
      0.0,
      0.0,
      0.0,
      0.0,
      0.0,
      0.0
    ],
    "recall_scores": [
      0.0,
      0.0,
      0.08333333333333333,
      0.0,
      0.0,
      0.0,
      0.0,
      0.0,
      0.0,
      0.0
    ],
    "accuracy_scores": [
      0.9299363057324841,
      0.9235668789808917,
      0.9171974522292994,
      0.9171974522292994,
      0.9235668789808917,
      0.9235668789808917,
      0.9235668789808917,
      0.9171974522292994,
      0.9294871794871795,
      0.9294871794871795
    ]
  }
}