{
    "best_parameters": {
        "iterations": 500,
        "depth": 8,
        "learning_rate": 0.04455286457132951,
        "l2_leaf_reg": 4.8882623760019115,
        "border_count": 128
    },
    "evaluation_metrics": {
        "roc_auc": 0.705400747155714,
        "f1": 0.17315894906606982,
        "precision": 0.21523809523809523,
        "recall": 0.15064102564102563,
        "accuracy": 0.888698937602873,
        "roc_auc_scores": [
            0.6546102903718798,
            0.7381558838512481,
            0.5674987264391238,
            0.7233825776872135,
            0.6984207845134998,
            0.6832229580573952,
            0.7969094922737306,
            0.761037527593819,
            0.7117948717948718,
            0.718974358974359
        ],
        "f1_scores": [
            0.18181818181818182,
            0.11764705882352941,
            0.16,
            0.08,
            0.18181818181818182,
            0.18181818181818182,
            0.19047619047619047,
            0.3157894736842105,
            0.1,
            0.2222222222222222
        ],
        "precision_scores": [
            0.2222222222222222,
            0.25,
            0.16666666666666666,
            0.08333333333333333,
            0.2222222222222222,
            0.2,
            0.2222222222222222,
            0.42857142857142855,
            0.14285714285714285,
            0.21428571428571427
        ],
        "recall_scores": [
            0.15384615384615385,
            0.07692307692307693,
            0.15384615384615385,
            0.07692307692307693,
            0.15384615384615385,
            0.16666666666666666,
            0.16666666666666666,
            0.25,
            0.07692307692307693,
            0.23076923076923078
        ],
        "accuracy_scores": [
            0.8902439024390244,
            0.9085365853658537,
            0.8719512195121951,
            0.8597560975609756,
            0.8902439024390244,
            0.8895705521472392,
            0.8957055214723927,
            0.9202453987730062,
            0.8895705521472392,
            0.8711656441717791
        ]
    },
    "test_evaluation": {
        "roc_auc": 0.6884280593958013,
        "f1": 0.13333333333333333,
        "precision": 0.21428571428571427,
        "recall": 0.0967741935483871,
        "accuracy": 0.9046454767726161
    }
}