{
  "best_parameters": {
    "iterations": 300,
    "depth": 4,
    "learning_rate": 0.011205413586301184,
    "l2_leaf_reg": 4.259488485944978,
    "border_count": 64
  },
  "evaluation_metrics": {
    "roc_auc": 0.7279005453686607,
    "f1": 0.016666666666666666,
    "precision": 0.1,
    "recall": 0.00909090909090909,
    "accuracy": 0.9247550220480155,
    "roc_auc_scores": [
      0.726027397260274,
      0.6695402298850575,
      0.7339080459770115,
      0.7080459770114943,
      0.6908045977011494,
      0.8649425287356322,
      0.7,
      0.743103448275862,
      0.7304075235109718,
      0.7122257053291535
    ],
    "f1_scores": [
      0.0,
      0.0,
      0.0,
      0.0,
      0.0,
      0.0,
      0.0,
      0.0,
      0.16666666666666666,
      0.0
    ],
    "precision_scores": [
      0.0,
      0.0,
      0.0,
      0.0,
      0.0,
      0.0,
      0.0,
      0.0,
      1.0,
      0.0
    ],
    "recall_scores": [
      0.0,
      0.0,
      0.0,
      0.0,
      0.0,
      0.0,
      0.0,
      0.0,
      0.09090909090909091,
      0.0
    ],
    "accuracy_scores": [
      0.9299363057324841,
      0.9235668789808917,
      0.9171974522292994,
      0.9235668789808917,
      0.9235668789808917,
      0.9235668789808917,
      0.9235668789808917,
      0.9171974522292994,
      0.9358974358974359,
      0.9294871794871795
    ]
  }
}