{
  "best_parameters": {
    "border_count": 170,
    "depth": 6,
    "iterations": 400,
    "l2_leaf_reg": 2.8026304215886477,
    "learning_rate": 0.18179685439028953
  },
  "evaluation_metrics": {
    "roc_auc": 0.7033533015559468,
    "f1": 0.1504970760233918,
    "precision": 0.2363888888888889,
    "recall": 0.12045454545454545,
    "accuracy": 0.9024375306222441,
    "roc_auc_scores": [
      0.6755915317559154,
      0.5902298850574712,
      0.6166666666666666,
      0.6206896551724138,
      0.7419540229885058,
      0.8120689655172413,
      0.7798850574712642,
      0.7011494252873562,
      0.6752351097178684,
      0.8200626959247649
    ],
    "f1_scores": [
      0.125,
      0.125,
      0.1111111111111111,
      0.1,
      0.19047619047619047,
      0.25,
      0.14285714285714285,
      0.0,
      0.25,
      0.21052631578947367
    ],
    "precision_scores": [
      0.2,
      0.25,
      0.16666666666666666,
      0.125,
      0.2222222222222222,
      0.25,
      0.5,
      0.0,
      0.4,
      0.25
    ],
    "recall_scores": [
      0.09090909090909091,
      0.08333333333333333,
      0.08333333333333333,
      0.08333333333333333,
      0.16666666666666666,
      0.25,
      0.08333333333333333,
      0.0,
      0.18181818181818182,
      0.18181818181818182
    ],
    "accuracy_scores": [
      0.910828025477707,
      0.910828025477707,
      0.8980891719745223,
      0.8853503184713376,
      0.89171974522293,
      0.8853503184713376,
      0.9235668789808917,
      0.89171974522293,
      0.9230769230769231,
      0.9038461538461539
    ]
  }
}