{
  "test_evaluation_metrics": {
    "roc_auc": 0.7681344939409456,
    "f1": 0.1951219512195122,
    "precision": 0.4,
    "recall": 0.12903225806451613,
    "accuracy": 0.9193154034229829
  },
  "best_parameters": {
    "n_estimators": 100,
    "max_depth": 20,
    "min_samples_split": 6,
    "min_samples_leaf": 5,
    "max_features": "log2",
    "bootstrap": true
  },
  "evaluation_metrics": {
    "roc_auc": 0.8315477428749741,
    "f1": 0.589043254043254,
    "precision": 0.708565976507153,
    "recall": 0.5108695652173912,
    "accuracy": 0.91063716696565,
    "roc_auc_scores": [
      0.8110047846889953,
      0.8310406698564594,
      0.9321172248803828,
      0.8421052631578947,
      0.826662827526634,
      0.8073449729078869,
      0.8245033112582781,
      0.854003612281758,
      0.7700180614087899,
      0.8166767007826611
    ],
    "f1_scores": [
      0.5714285714285714,
      0.5294117647058824,
      0.6666666666666666,
      0.65,
      0.7,
      0.6153846153846154,
      0.4864864864864865,
      0.6363636363636364,
      0.5641025641025641,
      0.47058823529411764
    ],
    "precision_scores": [
      0.7692307692307693,
      0.75,
      0.7647058823529411,
      0.7222222222222222,
      0.8235294117647058,
      0.7058823529411765,
      0.6,
      0.6363636363636364,
      0.6470588235294118,
      0.6666666666666666
    ],
    "recall_scores": [
      0.45454545454545453,
      0.4090909090909091,
      0.5909090909090909,
      0.5909090909090909,
      0.6086956521739131,
      0.5454545454545454,
      0.4090909090909091,
      0.6363636363636364,
      0.5,
      0.36363636363636365
    ],
    "accuracy_scores": [
      0.9137931034482759,
      0.9080459770114943,
      0.9252873563218391,
      0.9195402298850575,
      0.9310344827586207,
      0.9132947976878613,
      0.8901734104046243,
      0.9075144508670521,
      0.9017341040462428,
      0.8959537572254336
    ]
  }
}