{
    "best_parameters": {
        "C": 0.014707608973816162,
        "max_iter": 300,
        "solver": "sag"
    },
    "evaluation_metrics": {
        "roc_auc": 0.8663028754741896,
        "f1": 0.6828705324555473,
        "precision": 0.7328223162854663,
        "recall": 0.6443121693121693,
        "accuracy": 0.9086968802962776,
        "roc_auc_scores": [
            0.9169103313840156,
            0.8255360623781677,
            0.8954588457899717,
            0.8379848628193,
            0.9075212866603596,
            0.792494481236203,
            0.88177581555065,
            0.8435123865587442,
            0.8341918077017414,
            0.9276428746627421
        ],
        "f1_scores": [
            0.6923076923076923,
            0.5652173913043478,
            0.75,
            0.631578947368421,
            0.7058823529411765,
            0.7083333333333334,
            0.723404255319149,
            0.6666666666666666,
            0.6545454545454545,
            0.7307692307692307
        ],
        "precision_scores": [
            0.72,
            0.6842105263157895,
            0.75,
            0.6206896551724138,
            0.782608695652174,
            0.8095238095238095,
            0.85,
            0.7083333333333334,
            0.6428571428571429,
            0.76
        ],
        "recall_scores": [
            0.6666666666666666,
            0.48148148148148145,
            0.75,
            0.6428571428571429,
            0.6428571428571429,
            0.6296296296296297,
            0.6296296296296297,
            0.6296296296296297,
            0.6666666666666666,
            0.7037037037037037
        ],
        "accuracy_scores": [
            0.9106145251396648,
            0.888268156424581,
            0.9217877094972067,
            0.88268156424581,
            0.9162011173184358,
            0.9213483146067416,
            0.9269662921348315,
            0.9044943820224719,
            0.8932584269662921,
            0.9213483146067416
        ]
    },
    "test_metrics": {
        "test_roc_auc": 0.7739375320020481,
        "test_f1": 0.3018867924528302,
        "test_precision": 0.36363636363636365,
        "test_recall": 0.25806451612903225,
        "test_accuracy": 0.9095354523227384
    }
}