{
  "best_parameters": {
    "C": 0.0021666236480798666,
    "max_iter": 400,
    "solver": "lbfgs"
  },
  "cross_validation_metrics": {
    "roc_auc": 0.7593837763559068,
    "f1": 0.0,
    "precision": 0.0,
    "recall": 0.0,
    "accuracy": 0.9253878817573085,
    "roc_auc_scores": [
      0.7571606475716065,
      0.6931034482758621,
      0.7850574712643678,
      0.7442528735632185,
      0.725287356321839,
      0.8488505747126437,
      0.7178160919540231,
      0.7097701149425287,
      0.8438871473354232,
      0.7686520376175549
    ],
    "f1_scores": [
      0.0,
      0.0,
      0.0,
      0.0,
      0.0,
      0.0,
      0.0,
      0.0,
      0.0,
      0.0
    ],
    "precision_scores": [
      0.0,
      0.0,
      0.0,
      0.0,
      0.0,
      0.0,
      0.0,
      0.0,
      0.0,
      0.0
    ],
    "recall_scores": [
      0.0,
      0.0,
      0.0,
      0.0,
      0.0,
      0.0,
      0.0,
      0.0,
      0.0,
      0.0
    ],
    "accuracy_scores": [
      0.9299363057324841,
      0.9235668789808917,
      0.9235668789808917,
      0.9235668789808917,
      0.9235668789808917,
      0.9235668789808917,
      0.9235668789808917,
      0.9235668789808917,
      0.9294871794871795,
      0.9294871794871795
    ]
  },
  "test_metrics": {
    "roc_auc": 0.6876657824933687,
    "f1": 0.0,
    "precision": 0.0,
    "recall": 0.0,
    "accuracy": 0.926208651399491
  }
}