{
  "best_parameters": {
    "n_estimators": 300,
    "max_depth": 10,
    "min_samples_split": 8,
    "min_samples_leaf": 5,
    "max_features": "log2"
  },
  "evaluation_metrics": {
    "roc_auc": 0.7586990595611285,
    "f1": 0.2186104149262044,
    "precision": 0.3426190476190476,
    "recall": 0.1734848484848485,
    "accuracy": 0.9101053405193532,
    "roc_auc_scores": [
      0.7727272727272727,
      0.6781609195402298,
      0.774712643678161,
      0.7310344827586207,
      0.7160919540229884,
      0.8448275862068966,
      0.7212643678160919,
      0.7218390804597701,
      0.8037617554858935,
      0.8225705329153605
    ],
    "f1_scores": [
      0.375,
      0.0,
      0.1111111111111111,
      0.2962962962962963,
      0.3333333333333333,
      0.125,
      0.13333333333333333,
      0.10526315789473684,
      0.2857142857142857,
      0.42105263157894735
    ],
    "precision_scores": [
      0.6,
      0.0,
      0.16666666666666666,
      0.26666666666666666,
      0.5,
      0.25,
      0.3333333333333333,
      0.14285714285714285,
      0.6666666666666666,
      0.5
    ],
    "recall_scores": [
      0.2727272727272727,
      0.0,
      0.08333333333333333,
      0.3333333333333333,
      0.25,
      0.08333333333333333,
      0.08333333333333333,
      0.08333333333333333,
      0.18181818181818182,
      0.36363636363636365
    ],
    "accuracy_scores": [
      0.9363057324840764,
      0.8789808917197452,
      0.8980891719745223,
      0.8789808917197452,
      0.9235668789808917,
      0.910828025477707,
      0.9171974522292994,
      0.89171974522293,
      0.9358974358974359,
      0.9294871794871795
    ]
  }
}