{
  "best_parameters": {
    "iterations": 200,
    "depth": 4,
    "learning_rate": 0.010704769761408469,
    "l2_leaf_reg": 2.882900679861241,
    "border_count": 96
  },
  "evaluation_metrics": {
    "roc_auc": 0.7189414694894146,
    "f1": 0.23784664149060436,
    "precision": 0.2889713064713065,
    "recall": 0.21439393939393941,
    "accuracy": 0.8966887146823452,
    "roc_auc_scores": [
      0.7166874221668742,
      0.6954022988505747,
      0.6948275862068966,
      0.6827586206896552,
      0.6586206896551724,
      0.8614942528735632,
      0.6724137931034483,
      0.7482758620689656,
      0.7404388714733543,
      0.7184952978056426
    ],
    "f1_scores": [
      0.26666666666666666,
      0.16,
      0.08333333333333333,
      0.23076923076923078,
      0.2857142857142857,
      0.5,
      0.11764705882352941,
      0.19047619047619047,
      0.21052631578947367,
      0.3333333333333333
    ],
    "precision_scores": [
      0.5,
      0.15384615384615385,
      0.08333333333333333,
      0.21428571428571427,
      0.3333333333333333,
      0.625,
      0.2,
      0.2222222222222222,
      0.25,
      0.3076923076923077
    ],
    "recall_scores": [
      0.18181818181818182,
      0.16666666666666666,
      0.08333333333333333,
      0.25,
      0.25,
      0.4166666666666667,
      0.08333333333333333,
      0.16666666666666666,
      0.18181818181818182,
      0.36363636363636365
    ],
    "accuracy_scores": [
      0.9299363057324841,
      0.8662420382165605,
      0.8598726114649682,
      0.8726114649681529,
      0.9044585987261147,
      0.9363057324840764,
      0.9044585987261147,
      0.89171974522293,
      0.9038461538461539,
      0.8974358974358975
    ]
  }
}