{
  "best_parameters": {
    "C": 0.007191838249331045,
    "max_iter": 200,
    "solver": "lbfgs"
  },
  "cross_validation_metrics": {
    "roc_auc": 0.7517241379310345,
    "f1": 0.21534145936622714,
    "precision": 0.40980158730158733,
    "recall": 0.1628787878787879,
    "accuracy": 0.9139106647068431,
    "roc_auc_scores": [
      0.7727272727272727,
      0.7,
      0.7758620689655172,
      0.7482758620689656,
      0.6954022988505747,
      0.8431034482758621,
      0.6804597701149425,
      0.6844827586206896,
      0.7974921630094044,
      0.819435736677116
    ],
    "f1_scores": [
      0.13333333333333333,
      0.125,
      0.15384615384615385,
      0.18181818181818182,
      0.3157894736842105,
      0.375,
      0.23529411764705882,
      0.1,
      0.13333333333333333,
      0.4
    ],
    "precision_scores": [
      0.25,
      0.25,
      1.0,
      0.2,
      0.42857142857142855,
      0.75,
      0.4,
      0.125,
      0.25,
      0.4444444444444444
    ],
    "recall_scores": [
      0.09090909090909091,
      0.08333333333333333,
      0.08333333333333333,
      0.16666666666666666,
      0.25,
      0.25,
      0.16666666666666666,
      0.08333333333333333,
      0.09090909090909091,
      0.36363636363636365
    ],
    "accuracy_scores": [
      0.9171974522292994,
      0.910828025477707,
      0.9299363057324841,
      0.8853503184713376,
      0.9171974522292994,
      0.9363057324840764,
      0.9171974522292994,
      0.8853503184713376,
      0.9166666666666666,
      0.9230769230769231
    ]
  },
  "test_metrics": {
    "roc_auc": 0.6802766199317923,
    "f1": 0.23255813953488372,
    "precision": 0.35714285714285715,
    "recall": 0.1724137931034483,
    "accuracy": 0.916030534351145
  }
}