{
  "best_parameters": {
    "bootstrap": true,
    "max_depth": 20,
    "max_features": "sqrt",
    "min_samples_leaf": 1,
    "min_samples_split": 2,
    "n_estimators": 200
  },
  "evaluation_metrics": {
    "roc_auc": 0.6638078170336236,
    "f1": 0.2222222222222222,
    "precision": 0.2608695652173913,
    "recall": 0.1935483870967742,
    "accuracy": 0.8973105134474327
  }
}