{
  "best_parameters": {
    "iterations": 100,
    "depth": 8,
    "learning_rate": 0.013906614301973189,
    "l2_leaf_reg": 1.1519610734292471,
    "border_count": 128
  },
  "evaluation_metrics": {
    "roc_auc": 0.8420400385337607,
    "f1": 0.5843234014035722,
    "precision": 0.9455555555555556,
    "recall": 0.42687747035573126,
    "accuracy": 0.9238921001926782,
    "roc_auc_scores": [
      0.84061004784689,
      0.8606459330143541,
      0.8301435406698564,
      0.8836740570112296,
      0.9093003167290526,
      0.8278145695364237,
      0.7874774232390126,
      0.8720650210716436,
      0.8299217338952438,
      0.7787477423239013
    ],
    "f1_scores": [
      0.625,
      0.625,
      0.5806451612903226,
      0.7222222222222222,
      0.6857142857142857,
      0.5161290322580645,
      0.5806451612903226,
      0.5882352941176471,
      0.5625,
      0.35714285714285715
    ],
    "precision_scores": [
      1.0,
      1.0,
      1.0,
      1.0,
      1.0,
      0.8888888888888888,
      1.0,
      0.8333333333333334,
      0.9,
      0.8333333333333334
    ],
    "recall_scores": [
      0.45454545454545453,
      0.45454545454545453,
      0.4090909090909091,
      0.5652173913043478,
      0.5217391304347826,
      0.36363636363636365,
      0.4090909090909091,
      0.45454545454545453,
      0.4090909090909091,
      0.22727272727272727
    ],
    "accuracy_scores": [
      0.9310344827586207,
      0.9310344827586207,
      0.9252873563218391,
      0.9425287356321839,
      0.9367816091954023,
      0.9132947976878613,
      0.9248554913294798,
      0.9190751445086706,
      0.9190751445086706,
      0.8959537572254336
    ]
  }
}