{
  "best_parameters": {
    "C": 0.022655747666945763,
    "max_iter": 500,
    "solver": "saga"
  },
  "cross_validation_metrics": {
    "roc_auc": 0.8632820784485128,
    "f1": 0.6779475815040195,
    "precision": 0.9433531746031747,
    "recall": 0.5313492063492065,
    "accuracy": 0.923786956248823,
    "roc_auc_scores": [
      0.8501461988304093,
      0.8706140350877193,
      0.8508771929824562,
      0.8988791423001949,
      0.8760643330179754,
      0.8665685553102772,
      0.9021339220014716,
      0.82168260976208,
      0.904831984302183,
      0.7910228108903605
    ],
    "f1_scores": [
      0.7727272727272727,
      0.6341463414634146,
      0.7142857142857143,
      0.7441860465116279,
      0.6976744186046512,
      0.6976744186046512,
      0.6153846153846154,
      0.5581395348837209,
      0.7111111111111111,
      0.6341463414634146
    ],
    "precision_scores": [
      1.0,
      0.9285714285714286,
      1.0,
      1.0,
      1.0,
      0.9375,
      1.0,
      0.75,
      0.8888888888888888,
      0.9285714285714286
    ],
    "recall_scores": [
      0.6296296296296297,
      0.48148148148148145,
      0.5555555555555556,
      0.5925925925925926,
      0.5357142857142857,
      0.5555555555555556,
      0.4444444444444444,
      0.4444444444444444,
      0.5925925925925926,
      0.48148148148148145
    ],
    "accuracy_scores": [
      0.9441340782122905,
      0.9162011173184358,
      0.9329608938547486,
      0.9385474860335196,
      0.9273743016759777,
      0.9269662921348315,
      0.9157303370786517,
      0.8932584269662921,
      0.9269662921348315,
      0.9157303370786517
    ]
  },
  "test_metrics": {
    "roc_auc": 0.7284519542584059,
    "f1": 0.24427480916030533,
    "precision": 0.16,
    "recall": 0.5161290322580645,
    "accuracy": 0.7579462102689487
  }
}