{
  "best_parameters": {
    "iterations": 300,
    "depth": 8,
    "learning_rate": 0.014915968357559052,
    "l2_leaf_reg": 2.97044324407968,
    "border_count": 96
  },
  "evaluation_metrics": {
    "roc_auc": 0.8256544160902216,
    "f1": 0.5975606587242168,
    "precision": 0.6940422322775264,
    "recall": 0.5345849802371541,
    "accuracy": 0.9100558102451665,
    "roc_auc_scores": [
      0.8262559808612441,
      0.8304425837320573,
      0.7948564593301435,
      0.8868413475381515,
      0.8934638640944428,
      0.804033714629741,
      0.7642986152919928,
      0.8524984948826009,
      0.8091511137868754,
      0.7947019867549668
    ],
    "f1_scores": [
      0.6190476190476191,
      0.6486486486486487,
      0.6486486486486487,
      0.72,
      0.6829268292682927,
      0.5294117647058824,
      0.5641025641025641,
      0.65,
      0.5128205128205128,
      0.4
    ],
    "precision_scores": [
      0.65,
      0.8,
      0.8,
      0.6666666666666666,
      0.7777777777777778,
      0.75,
      0.6470588235294118,
      0.7222222222222222,
      0.5882352941176471,
      0.5384615384615384
    ],
    "recall_scores": [
      0.5909090909090909,
      0.5454545454545454,
      0.5454545454545454,
      0.782608695652174,
      0.6086956521739131,
      0.4090909090909091,
      0.5,
      0.5909090909090909,
      0.45454545454545453,
      0.3181818181818182
    ],
    "accuracy_scores": [
      0.9080459770114943,
      0.9252873563218391,
      0.9252873563218391,
      0.9195402298850575,
      0.9252873563218391,
      0.9075144508670521,
      0.9017341040462428,
      0.9190751445086706,
      0.8901734104046243,
      0.8786127167630058
    ]
  }
}