{
  "best_parameters": {
    "C": 0.07416188374104146,
    "max_iter": 200,
    "solver": "sag"
  },
  "evaluation_metrics": {
    "roc_auc": 0.6475884255879532,
    "f1": 0.22315081796204614,
    "precision": 0.18423707446365276,
    "recall": 0.2909090909090909,
    "accuracy": 0.850151069737057,
    "roc_auc_scores": [
      0.549813200498132,
      0.6775862068965517,
      0.7879310344827586,
      0.5885057471264368,
      0.5304597701149426,
      0.7408045977011494,
      0.6373563218390804,
      0.6229885057471264,
      0.5893416927899686,
      0.7510971786833855
    ],
    "f1_scores": [
      0.2222222222222222,
      0.15384615384615385,
      0.3448275862068966,
      0.16216216216216217,
      0.18181818181818182,
      0.41379310344827586,
      0.1935483870967742,
      0.1111111111111111,
      0.09523809523809523,
      0.35294117647058826
    ],
    "precision_scores": [
      0.1875,
      0.14285714285714285,
      0.29411764705882354,
      0.12,
      0.14285714285714285,
      0.35294117647058826,
      0.15789473684210525,
      0.08333333333333333,
      0.1,
      0.2608695652173913
    ],
    "recall_scores": [
      0.2727272727272727,
      0.16666666666666666,
      0.4166666666666667,
      0.25,
      0.25,
      0.5,
      0.25,
      0.16666666666666666,
      0.09090909090909091,
      0.5454545454545454
    ],
    "accuracy_scores": [
      0.8662420382165605,
      0.8598726114649682,
      0.8789808917197452,
      0.802547770700637,
      0.8280254777070064,
      0.89171974522293,
      0.8407643312101911,
      0.7961783439490446,
      0.8782051282051282,
      0.8589743589743589
    ]
  }
}