{
    "roc_auc": 0.6208397337429596,
    "f1": 0.0,
    "precision": 0.0,
    "recall": 0.0,
    "accuracy": 0.8997555012224939
}