{
    "roc_auc": 0.8169482846902201,
    "f1": 0.0,
    "precision": 0.0,
    "recall": 0.0,
    "accuracy": 0.9242053789731052
}