{
    "roc_auc": 0.7467144563918757,
    "f1": 0.13043478260869565,
    "precision": 0.2,
    "recall": 0.0967741935483871,
    "accuracy": 0.902200488997555
}