{
    "roc_auc": 0.6814302782044718,
    "f1": 0.19736842105263158,
    "precision": 0.12396694214876033,
    "recall": 0.4838709677419355,
    "accuracy": 0.7017114914425427
}