{
    "roc_auc": 0.8224953063662741,
    "f1": 0.0625,
    "precision": 1.0,
    "recall": 0.03225806451612903,
    "accuracy": 0.9266503667481663
}