{
    "roc_auc": 0.38918757467144566,
    "f1": 0.1409090909090909,
    "precision": 0.07579462102689487,
    "recall": 1.0,
    "accuracy": 0.07579462102689487
}