{
    "roc_auc": 0.7386926096603517,
    "f1": 0.14634146341463414,
    "precision": 0.3,
    "recall": 0.0967741935483871,
    "accuracy": 0.9144254278728606
}