{
    "roc_auc": 0.5773169482846903,
    "f1": 0.0,
    "precision": 0.0,
    "recall": 0.0,
    "accuracy": 0.8924205378973105
}