{
  "best_parameters": {
    "n_estimators": 200,
    "max_depth": 4,
    "learning_rate": 0.01472737409247268,
    "min_child_weight": 6,
    "subsample": 0.8194283013843892,
    "colsample_bytree": 0.6132138747857085
  },
  "evaluation_metrics": {
    "roc_auc": 0.8525601428572847,
    "f1": 0.663569008038662,
    "precision": 0.9267929864253392,
    "recall": 0.5186609686609687,
    "accuracy": 0.9221109785951919,
    "roc_auc_scores": [
      0.8937621832358674,
      0.8518518518518519,
      0.854775828460039,
      0.7980019493177387,
      0.8287037037037037,
      0.882085020242915,
      0.8873987854251011,
      0.8254048582995952,
      0.8691801619433199,
      0.8344370860927152
    ],
    "f1_scores": [
      0.6976744186046512,
      0.6829268292682927,
      0.6976744186046512,
      0.6976744186046512,
      0.7142857142857143,
      0.6153846153846154,
      0.6829268292682927,
      0.5853658536585366,
      0.6976744186046512,
      0.5641025641025641
    ],
    "precision_scores": [
      0.9375,
      1.0,
      0.9375,
      0.9375,
      1.0,
      0.9230769230769231,
      0.9333333333333333,
      0.8,
      0.8823529411764706,
      0.9166666666666666
    ],
    "recall_scores": [
      0.5555555555555556,
      0.5185185185185185,
      0.5555555555555556,
      0.5555555555555556,
      0.5555555555555556,
      0.46153846153846156,
      0.5384615384615384,
      0.46153846153846156,
      0.5769230769230769,
      0.4074074074074074
    ],
    "accuracy_scores": [
      0.9273743016759777,
      0.9273743016759777,
      0.9273743016759777,
      0.9273743016759777,
      0.9329608938547486,
      0.9157303370786517,
      0.9269662921348315,
      0.9044943820224719,
      0.9269662921348315,
      0.9044943820224719
    ]
  }
}