{
  "test_evaluation_metrics": {
    "roc_auc": 0.7831541218637993,
    "f1": 0.05555555555555555,
    "precision": 0.2,
    "recall": 0.03225806451612903,
    "accuracy": 0.9168704156479217
  },
  "best_parameters": {
    "n_estimators": 100,
    "max_depth": 6,
    "learning_rate": 0.018658751520829953,
    "min_child_weight": 3,
    "subsample": 0.9046826835315345,
    "colsample_bytree": 0.7497884506850034
  },
  "evaluation_metrics": {
    "roc_auc": 0.6774764815758193,
    "f1": 0.05497076023391813,
    "precision": 0.09,
    "recall": 0.03974358974358974,
    "accuracy": 0.9027644770312735,
    "roc_auc_scores": [
      0.6026490066225165,
      0.7157412124299541,
      0.4686704024452369,
      0.6021395822720326,
      0.760570555272542,
      0.6738410596026491,
      0.8228476821192053,
      0.7477924944812363,
      0.7071794871794872,
      0.6733333333333333
    ],
    "f1_scores": [
      0.0,
      0.1111111111111111,
      0.0,
      0.0,
      0.10526315789473684,
      0.0,
      0.2222222222222222,
      0.0,
      0.0,
      0.1111111111111111
    ],
    "precision_scores": [
      0.0,
      0.2,
      0.0,
      0.0,
      0.16666666666666666,
      0.0,
      0.3333333333333333,
      0.0,
      0.0,
      0.2
    ],
    "recall_scores": [
      0.0,
      0.07692307692307693,
      0.0,
      0.0,
      0.07692307692307693,
      0.0,
      0.16666666666666666,
      0.0,
      0.0,
      0.07692307692307693
    ],
    "accuracy_scores": [
      0.9146341463414634,
      0.9024390243902439,
      0.8780487804878049,
      0.9024390243902439,
      0.8963414634146342,
      0.9079754601226994,
      0.9141104294478528,
      0.9202453987730062,
      0.8895705521472392,
      0.901840490797546
    ]
  }
}