{
  "test_evaluation_metrics": {
    "roc_auc": 0.7743642259771292,
    "f1": 0.16216216216216217,
    "precision": 0.5,
    "recall": 0.0967741935483871,
    "accuracy": 0.9242053789731052
  },
  "best_parameters": {
    "n_estimators": 100,
    "max_depth": 4,
    "learning_rate": 0.05081691858817394,
    "min_child_weight": 1,
    "subsample": 0.7324250023464975,
    "colsample_bytree": 0.7055271929419394
  },
  "evaluation_metrics": {
    "roc_auc": 0.8509159583880741,
    "f1": 0.6465346680117169,
    "precision": 0.7799798917972293,
    "recall": 0.555982905982906,
    "accuracy": 0.9097922289875088,
    "roc_auc_scores": [
      0.9307992202729045,
      0.8854775828460039,
      0.824317738791423,
      0.7955653021442495,
      0.8133528265107213,
      0.8623481781376519,
      0.874746963562753,
      0.8383097165991903,
      0.8532388663967613,
      0.8310031886190826
    ],
    "f1_scores": [
      0.7111111111111111,
      0.6666666666666666,
      0.6122448979591837,
      0.6521739130434783,
      0.7307692307692307,
      0.6341463414634146,
      0.6521739130434783,
      0.5333333333333333,
      0.6818181818181818,
      0.5909090909090909
    ],
    "precision_scores": [
      0.8888888888888888,
      0.8333333333333334,
      0.6818181818181818,
      0.7894736842105263,
      0.76,
      0.8666666666666667,
      0.75,
      0.631578947368421,
      0.8333333333333334,
      0.7647058823529411
    ],
    "recall_scores": [
      0.5925925925925926,
      0.5555555555555556,
      0.5555555555555556,
      0.5555555555555556,
      0.7037037037037037,
      0.5,
      0.5769230769230769,
      0.46153846153846156,
      0.5769230769230769,
      0.48148148148148145
    ],
    "accuracy_scores": [
      0.9273743016759777,
      0.9162011173184358,
      0.8938547486033519,
      0.9106145251396648,
      0.9217877094972067,
      0.9157303370786517,
      0.9101123595505618,
      0.8820224719101124,
      0.9213483146067416,
      0.898876404494382
    ]
  }
}