{
  "best_parameters": {
    "n_estimators": 200,
    "max_depth": 6,
    "learning_rate": 0.03667296299287324,
    "min_child_weight": 6,
    "subsample": 0.6225129401006227,
    "colsample_bytree": 0.9897617569074739
  },
  "evaluation_metrics": {
    "roc_auc": 0.6994010867719478,
    "f1": 0.028717948717948714,
    "precision": 0.15,
    "recall": 0.016025641025641024,
    "accuracy": 0.921723028579979,
    "roc_auc_scores": [
      0.6189505858380031,
      0.7947019867549668,
      0.5175751400916964,
      0.5807437595517065,
      0.6989302088639837,
      0.717439293598234,
      0.8929359823399559,
      0.7886313465783665,
      0.7056410256410257,
      0.6784615384615384
    ],
    "f1_scores": [
      0.0,
      0.0,
      0.0,
      0.0,
      0.0,
      0.0,
      0.15384615384615385,
      0.0,
      0.0,
      0.13333333333333333
    ],
    "precision_scores": [
      0.0,
      0.0,
      0.0,
      0.0,
      0.0,
      0.0,
      1.0,
      0.0,
      0.0,
      0.5
    ],
    "recall_scores": [
      0.0,
      0.0,
      0.0,
      0.0,
      0.0,
      0.0,
      0.08333333333333333,
      0.0,
      0.0,
      0.07692307692307693
    ],
    "accuracy_scores": [
      0.9207317073170732,
      0.9146341463414634,
      0.9146341463414634,
      0.9207317073170732,
      0.9207317073170732,
      0.9263803680981595,
      0.9325153374233128,
      0.9263803680981595,
      0.9202453987730062,
      0.9202453987730062
    ]
  }
}